,AAPL,MSFT,NVDA,JPM,GS,XOM,JNJ,AMZN,PG,GLD
Return,-0.30945524826046583,-0.9529341211005252,-0.261952593515031,-0.4339055033881673,-0.24523295279934587,1.3186662501428492,0.599495919543441,-0.3658208677147848,0.07920029415231139,-0.01178838508515172
STD,0.23933678838469888,0.3147764667816934,0.3367070067352713,0.24227654719970457,0.3402240090193328,0.25819485075519555,0.15792771460763413,0.29262366608458223,0.2061310682314534,0.40549246778941345
