,AAPL,MSFT,NVDA,JPM,GS,XOM,JNJ,AMZN,PG,GLD
Return,-0.309963312578608,-0.9534292016224352,-0.26268215272332984,-0.43434518399299854,-0.24523295279934587,1.3186662501428492,0.599495919543441,-0.3662296609144635,0.07963692734510602,-0.012296268214448867
STD,0.24132771243539441,0.31742524656386195,0.3395125351874275,0.24429263448229116,0.34309514860525414,0.2603737488847575,0.15926046156582513,0.29505532001758705,0.20786804094330355,0.4089420731542821
